{
	"info": {
		"_postman_id": "e0e3e242-097a-4613-99dc-694c6a85d22f",
		"name": "midterm",
		"schema": "https://schema.getpostman.com/json/collection/v2.1.0/collection.json",
		"_exporter_id": "26810482"
	},
	"item": [
		{
			"name": "add product",
			"request": {
				"method": "POST",
				"header": [],
				"body": {
					"mode": "raw",
					"raw": "{\r\n    \"name\": \"product 1\",\r\n    \"description\": \"about product 1\",\r\n    \"price\": 5000,\r\n    \"category\": \"category 1\",\r\n    \"brand\": \"local brand\",\r\n    \"color\": \"white\"\r\n}",
					"options": {
						"raw": {
							"language": "json"
						}
					}
				},
				"url": {
					"raw": "localhost:8080/api/products/add",
					"host": [
						"localhost"
					],
					"port": "8080",
					"path": [
						"api",
						"products",
						"add"
					]
				}
			},
			"response": []
		},
		{
			"name": "list product",
			"request": {
				"method": "GET",
				"header": [],
				"url": {
					"raw": "localhost:8080/api/products/list",
					"host": [
						"localhost"
					],
					"port": "8080",
					"path": [
						"api",
						"products",
						"list"
					]
				}
			},
			"response": []
		},
		{
			"name": "edit product",
			"request": {
				"method": "PUT",
				"header": [],
				"body": {
					"mode": "raw",
					"raw": "{\r\n    \"name\": \"product 1\",\r\n    \"description\": \"about product 1\",\r\n    \"price\": 5000,\r\n    \"category\": \"category 1\",\r\n    \"brand\": \"local brand\",\r\n    \"color\": \"red\"\r\n}",
					"options": {
						"raw": {
							"language": "json"
						}
					}
				},
				"url": {
					"raw": "localhost:8080/api/products/edit?id=1",
					"host": [
						"localhost"
					],
					"port": "8080",
					"path": [
						"api",
						"products",
						"edit"
					],
					"query": [
						{
							"key": "id",
							"value": "1"
						}
					]
				}
			},
			"response": []
		},
		{
			"name": "delete product",
			"request": {
				"method": "DELETE",
				"header": [],
				"url": {
					"raw": "localhost:8080/api/products/del/1",
					"host": [
						"localhost"
					],
					"port": "8080",
					"path": [
						"api",
						"products",
						"del",
						"1"
					]
				}
			},
			"response": []
		},
		{
			"name": "add cart",
			"request": {
				"method": "POST",
				"header": [],
				"body": {
					"mode": "raw",
					"raw": "5",
					"options": {
						"raw": {
							"language": "json"
						}
					}
				},
				"url": {
					"raw": "localhost:8080/api/cart/2",
					"host": [
						"localhost"
					],
					"port": "8080",
					"path": [
						"api",
						"cart",
						"2"
					]
				}
			},
			"response": []
		}
	]
}