<?xml version = "1.0" encoding = "utf-8"?>
<!DOCTYPE hibernate-configuration SYSTEM
        "http://www.hibernate.org/dtd/hibernate-configuration-3.0.dtd">
<hibernate-configuration>
    <session-factory>
        <property name = "hibernate.hbm2ddl.auto">update</property>
        <property name="show_sql">true</property>
        <property name = "hibernate.dialect">org.hibernate.dialect.MySQL8Dialect</property>
        <property name = "hibernate.connection.driver_class">com.mysql.jdbc.Driver</property>
        <property name = "hibernate.connection.url">jdbc:mysql://localhost:3306/Lab5</property>
        <property name = "hibernate.connection.username">root</property>
        <property name = "hibernate.connection.password">abc123</property>
        <mapping class="com.entities.User"/>
    </session-factory>
</hibernate-configuration>